"30148","Liouc"
"30149","Lirac"
"30150","Logrian-Florian"
"30151","Lussan"
"30152","Les Mages"
"30153","Malons-et-Elze"
"30154","Mandagout"
"30155","Manduel"
"30156","Marguerittes"
"30157","Mars"
"30158","Martignargues"
"30159","Le Martinet"
"30160","Maruéjols-lès-Gardon"
"30161","Massanes"
"30162","Massillargues-Attuech"
"30163","Mauressargues"
"30164","Méjannes-le-Clap"
"30165","Méjannes-lès-Alès"
"30166","Meynes"
"30167","Meyrannes"
"30168","Mialet"
"30169","Milhaud"
"30170","Molières-Cavaillac"
"30171","Molières-sur-Cèze"
"30172","Monoblet"
"30173","Mons"
"30174","Montaren-et-Saint-Médiers"
"30175","Montclus"
"30176","Montdardier"
"30177","Monteils"
"30178","Montfaucon"
"30179","Montfrin"
"30180","Montignargues"
"30181","Montmirat"
"30182","Montpezat"
"30183","Moulézan"
"30184","Moussac"
"30185","Mus"
"30186","Nages-et-Solorgues"
"30187","Navacelles"
"30188","Ners"
"30189","Nîmes"
"30190","Notre-Dame-de-la-Rouvière"
"30191","Orsan"
"30192","Orthoux-Sérignac-Quilhan"
"30193","Parignargues"
"30194","Peyremale"
"30195","Peyrolles"
"30196","Le Pin"
"30197","Les Plans"
"30198","Les Plantiers"
"30199","Pommiers"
"30200","Pompignan"
"30201","Ponteils-et-Brésis"
"30202","Pont-Saint-Esprit"
"30203","Portes"
"30204","Potelières"
"30205","Pougnadoresse"
"30206","Poulx"